labels,z,y,x,z_min,z_max,y_min,y_max,x_min,x_max
1,0,375,1514,0,3,335,417,1500,1531
2,0,512,1709,0,3,493,537,1691,1733
3,1,723,1809,0,4,692,757,1775,1845
4,0,1180,495,0,1,1160,1205,465,523
5,0,1263,1499,0,1,1255,1273,1467,1533
6,0,1277,1070,0,1,1268,1289,1049,1095
7,0,1221,2205,0,3,1195,1249,2178,2223
8,0,1084,2338,0,1,1043,1129,2322,2359
9,0,888,1706,0,1,822,953,1661,1749
10,0,1455,2169,0,1,1439,1469,2140,2201
11,0,1469,2317,0,3,1448,1487,2272,2359
12,2,1523,1253,0,6,1466,2065,1136,7267
13,1,363,3297,0,3,325,399,3264,3335
14,0,823,3471,0,2,798,845,3423,3513
15,1,630,3688,0,4,590,683,3657,3727
16,1,1540,3415,0,5,1469,1587,3352,3507
17,0,1185,3980,0,2,1134,1219,3909,4053
18,3,570,3409,0,7,549,604,3352,3462
19,1,1164,4259,0,4,1136,1196,4209,4319
20,0,743,4529,0,2,723,766,4500,4560
21,0,290,4908,0,3,214,338,4691,5439
22,0,366,5495,0,3,305,430,5465,5523
24,1,957,6501,0,5,923,991,6443,6561
25,2,1081,6257,0,6,987,1134,6191,6333
26,0,237,6811,0,1,214,259,6785,6841
27,0,198,7067,0,1,172,226,7057,7078
28,0,182,7439,0,1,173,194,7413,7466
29,1,295,7969,0,3,276,315,7931,8007
30,1,636,8235,0,4,618,651,8176,8294
31,0,739,7744,0,3,690,785,7674,7802
32,0,987,8122,0,3,967,1013,8090,8149
33,1,1176,8167,0,5,1119,1268,8088,8214
34,1,989,7255,0,4,957,1023,7205,7299
35,2,1174,7403,0,6,1132,1207,7323,7480
36,0,1514,7707,0,1,1500,1528,7655,7762
37,0,2140,8133,0,2,2097,2197,8115,8150
38,1,2241,8323,0,5,2208,2283,8274,8367
39,0,1243,7690,0,1,1213,1273,7681,7703
40,0,2148,7563,0,3,2126,2175,7525,7595
41,0,2536,7669,0,1,2506,2566,7653,7693
42,0,2680,7728,0,2,2642,2717,7705,7758
43,0,2544,8039,0,1,2533,2556,8016,8063
44,1,2896,8010,0,4,2866,2936,7932,8059
45,0,2834,7671,0,3,2810,2862,7644,7701
46,1,2880,7604,0,4,2860,2907,7568,7643
47,0,3159,6694,0,2,3100,3214,6674,6723
48,0,2911,6854,0,2,2885,2942,6843,6867
49,0,2695,6885,0,2,2649,2728,6827,6935
50,0,2735,6612,0,1,2714,2759,6604,6621
51,0,3503,6841,0,1,3481,3523,6813,6867
52,0,3721,6091,0,1,3687,3757,6080,6105
53,3,3502,5451,0,8,3438,3541,5365,5543
54,1,3413,5047,0,4,3357,3479,4987,5095
55,2,3940,4392,0,5,3917,3965,4340,4445
56,1,3909,3860,0,5,3884,3935,3807,3930
57,0,3556,4203,0,1,3519,3600,4168,4245
58,0,3380,3629,0,2,3329,3443,3584,3663
59,0,3202,3933,0,2,3174,3229,3909,3955
60,2,3201,3233,0,6,3103,3279,3196,3286
61,0,2756,3477,0,2,2721,2786,3450,3506
62,0,2637,3385,0,2,2608,2671,3352,3414
63,0,2764,3901,0,2,2736,2791,3866,3940
64,0,2646,3996,0,1,2612,2682,3975,4016
65,0,2809,4516,0,2,2772,2848,4485,4554
66,1,2606,4447,0,3,2552,2662,4407,4477
67,1,2534,3925,0,3,2499,2586,3882,3970
68,0,2565,5651,0,3,2521,2609,5618,5689
69,1,2440,5047,0,5,2383,2492,4979,5119
70,2,2366,5580,0,7,2332,2398,5491,5663
71,0,2372,5656,0,1,2358,2387,5621,5692
72,0,3074,543,0,1,3037,3113,532,555
73,1,2549,795,0,4,2523,2575,754,828
74,1,2272,761,0,3,2254,2293,700,817
75,0,2277,1328,0,3,2249,2312,1285,1364
76,2,2248,1489,0,6,2202,2294,1447,1523
77,1,2319,675,0,4,2285,2357,624,717
78,0,1851,1685,0,1,1827,1884,1669,1700
79,1,1995,2898,0,4,1954,2040,2819,3021
80,1,2095,3217,0,4,2053,2140,3143,3278
81,2,1748,3307,0,6,1716,1776,3229,3377
82,0,1765,4071,0,1,1755,1779,4032,4111
83,1,1910,4357,0,4,1870,1957,4334,4391
84,0,1996,4662,0,3,1956,2038,4618,4699
85,1,1720,5478,0,4,1696,1742,5416,5538
86,0,1600,6033,0,2,1584,1622,5994,6066
87,0,2315,6790,0,2,2298,2337,6762,6819
88,0,2382,6427,0,1,2360,2408,6403,6455
89,0,2299,6002,0,1,2261,2336,5981,6017
90,0,2282,6172,0,2,2262,2308,6141,6208
91,1,2277,4176,0,4,2234,2315,4133,4218
92,2,2954,3726,0,6,2933,2987,3686,3768
93,2,1383,5965,0,6,1363,1407,5916,6010
94,0,1821,5191,0,2,1801,1842,5176,5206
95,0,1782,5407,0,2,1767,1797,5386,5429
96,1,2066,7268,0,4,2025,2103,7229,7306
97,2,2248,5021,0,5,2208,2281,4987,5064
98,1,812,5213,0,5,725,884,5163,5286
99,2,945,4963,0,5,909,986,4911,5023
100,1,1458,6513,0,5,1420,1492,6483,6544
101,2,485,2082,1,6,435,550,2033,2135
102,3,1399,2016,1,8,1355,1452,1945,2083
103,2,1013,5420,1,5,980,1045,5368,5460
104,2,755,7215,1,6,722,804,7177,7271
105,1,1088,7767,1,3,1057,1119,7755,7784
106,1,2268,8616,1,2,2241,2298,8599,8634
107,3,1831,8251,1,6,1803,1854,8206,8314
108,1,1071,8452,1,2,1038,1112,8408,8502
109,2,4458,6905,1,5,4400,4518,6858,6967
110,3,2534,7287,0,9,2460,2588,7235,7344
111,2,4259,5053,1,5,4215,4306,5023,5093
112,2,3515,3591,1,4,3494,3534,3559,3626
113,0,2418,2943,0,1,2404,2435,2922,2962
114,0,2715,1000,0,1,2692,2740,988,1013
115,0,1710,1193,0,1,1694,1728,1175,1214
116,0,1911,1112,0,1,1893,1929,1095,1130
117,0,2459,585,0,1,2442,2481,567,606
118,1,473,6432,0,5,409,516,6398,6478
119,2,1385,6979,1,4,1371,1399,6952,7015
120,1,2339,4487,1,4,2303,2381,4457,4519
121,3,4227,6491,2,5,4219,4238,6456,6527
122,4,4147,4080,1,9,4087,4207,4021,4152
123,3,1913,7350,1,6,1888,1944,7319,7387
124,3,814,3857,2,7,759,874,3838,3877
125,3,867,4775,2,5,809,922,4740,4808
126,4,1155,5149,2,10,1107,1190,5076,5222
127,2,352,6170,2,3,341,364,6143,6199
128,2,2663,550,2,3,2629,2701,537,561
129,3,1925,2666,2,7,1885,1965,2616,2731
130,4,2042,2738,2,8,2010,2092,2671,2811
131,2,1974,3512,1,4,1953,1997,3481,3540
132,4,1733,4842,2,9,1697,1766,4796,4893
133,4,2637,5113,1,9,2567,2717,5072,5168
134,3,2904,7136,0,9,2798,2997,7055,7228
135,3,3469,7229,2,7,3440,3493,7188,7268
136,4,3454,5235,2,9,3411,3514,5194,5273
137,2,4113,4929,1,5,4062,4160,4904,4957
138,2,4277,4565,2,5,4253,4304,4525,4619
139,4,3868,4127,2,7,3804,3948,4092,4158
140,1,2649,4950,1,4,2620,2672,4929,4973
141,2,3257,540,2,4,3229,3284,511,569
142,2,2909,889,1,4,2875,2951,872,908
143,2,2904,42,2,4,2869,2937,8,76
144,2,2797,460,2,4,2784,2812,419,501
145,4,756,3071,3,9,677,847,3025,3117
146,6,1058,3872,3,12,1017,1308,3245,3995
147,6,1271,3285,4,9,1237,1311,3243,3329
148,4,1403,3713,3,7,1369,1444,3690,3744
149,3,471,3806,2,5,447,498,3779,3831
150,4,932,4724,3,7,911,954,4689,4766
151,3,606,6268,3,6,578,654,6235,6300
152,3,1042,7018,2,7,987,1084,6956,7099
153,3,1247,7006,3,5,1235,1262,6993,7019
154,2,707,7302,0,5,673,753,7269,7343
155,6,1762,7978,4,11,1711,1809,7929,8033
156,3,1877,7661,3,5,1848,1912,7636,7696
157,5,2561,7924,3,8,2510,2627,7883,7962
158,3,2578,8541,2,5,2552,2615,8505,8589
159,2,3588,8024,2,5,3567,3605,7990,8057
160,2,4248,8031,2,4,4238,4259,8003,8061
161,3,4602,7526,3,6,4586,4626,7494,7573
162,8,4539,7506,7,11,4510,4584,7430,7583
163,3,4321,6941,3,6,4256,4388,6887,7023
164,4,4351,6642,3,9,4308,4415,6600,6689
165,3,3822,6738,2,6,3807,3842,6709,6773
166,4,3571,7236,3,7,3542,3605,7206,7268
167,5,3683,7200,4,9,3662,3708,7163,7237
168,3,3506,6425,3,5,3477,3544,6391,6462
169,3,3942,5253,3,5,3918,3974,5238,5266
170,6,3979,5326,6,9,3935,4024,5289,5367
171,9,3919,5017,8,13,3870,3968,4996,5042
172,13,4011,5442,11,17,3981,4056,5381,5513
173,2,3202,4448,1,5,3149,3252,4412,4495
174,10,3119,4378,6,15,3017,3237,4309,4438
175,3,2945,4132,2,5,2911,2991,4106,4161
176,4,2799,3572,0,10,2717,2875,3545,3596
177,2,2563,3790,1,5,2522,2596,3742,3830
178,3,2504,4217,2,5,2475,2533,4179,4246
179,5,2544,4071,4,8,2511,2585,4053,4104
180,4,2417,3275,2,8,2383,2442,3226,3344
181,7,1596,717,6,10,1549,1652,655,785
182,7,1725,824,7,9,1694,1750,781,858
183,7,1767,1129,7,9,1739,1799,1107,1158
184,8,1349,1514,8,11,1328,1376,1461,1565
185,4,1886,1009,3,6,1863,1927,968,1046
186,6,2107,766,4,9,2059,2148,702,827
187,2,2624,327,2,4,2590,2654,289,367
188,2,2843,233,2,4,2804,2891,201,285
189,2,3057,345,2,4,3032,3086,325,368
190,3,3072,434,3,4,3046,3099,425,447
192,4,2092,4937,3,7,2050,2118,4865,5007
193,3,3596,5897,3,5,3539,3644,5854,5939
194,7,3604,5791,5,10,3555,3651,5756,5835
195,4,3075,6277,3,6,3044,3111,6262,6295
196,6,3063,6433,4,10,3002,3114,6366,6485
197,3,3089,6820,3,5,3066,3118,6785,6859
198,5,2534,7550,3,9,2504,2579,7502,7600
199,3,1531,5855,2,6,1500,1564,5805,5915
200,3,1917,1952,2,6,1880,1963,1933,1974
201,4,1714,1913,3,8,1681,1754,1873,1958
202,6,1770,2132,4,9,1749,1797,2094,2168
203,5,2226,2184,4,7,2191,2259,2132,2236
204,3,2884,5403,3,5,2870,2899,5374,5434
205,6,2691,5392,4,9,2647,2733,5334,5446
206,7,2856,5832,3,13,2825,2899,5755,5923
207,2,3215,5234,2,4,3198,3238,5218,5250
208,4,1536,6310,4,7,1501,1578,6264,6354
209,5,868,3154,4,7,827,908,3119,3191
210,5,743,3942,5,8,700,783,3903,3979
211,5,1340,4494,4,8,1297,1382,4474,4530
212,5,1583,4505,4,7,1556,1603,4443,4586
213,4,1360,3756,3,7,1328,1397,3727,3788
214,4,1581,5975,4,6,1541,1622,5928,6027
215,3,728,6923,3,5,702,755,6868,6977
216,5,1018,8399,4,7,984,1040,8355,8451
217,4,1406,8529,4,6,1373,1443,8516,8546
218,5,2290,8582,4,8,2251,2334,8539,8627
219,4,4378,5477,2,8,4292,4480,5441,5512
220,5,3864,4586,4,9,3816,3910,4522,4647
221,7,2266,5185,4,13,2202,2361,5134,5242
222,5,1909,4655,3,9,1864,1954,4565,4756
223,4,2010,8616,4,5,2000,2021,8592,8643
224,6,3040,4642,5,8,3005,3077,4625,4660
225,5,1870,2311,4,8,1840,1902,2284,2340
226,6,1881,1634,4,10,1828,1925,1609,1667
227,3,2557,1389,3,5,2543,2574,1371,1412
228,5,2012,3742,4,9,1935,2069,3695,3785
229,7,2115,3860,6,11,2073,2157,3818,3898
230,6,2009,4372,5,9,1988,2029,4334,4412
231,6,3678,4560,4,8,3614,3772,4493,4629
232,9,2783,6731,5,15,2721,2828,6690,6780
233,8,1180,2342,5,13,1106,1259,2284,2418
234,6,1385,1709,5,9,1360,1408,1675,1740
235,3,995,1302,3,6,958,1032,1266,1334
236,5,771,3553,5,8,760,788,3533,3578
237,7,1184,5669,5,12,1138,1233,5632,5718
238,7,1655,5427,5,11,1604,1712,5386,5467
239,9,1533,5333,7,13,1513,1565,5280,5403
240,6,2309,5384,5,8,2254,2379,5334,5436
241,5,1075,5934,5,7,1065,1090,5902,5966
242,5,731,6393,5,7,700,764,6363,6430
243,3,2432,742,3,6,2404,2464,694,794
244,4,2587,1466,4,6,2574,2604,1447,1484
245,6,2091,1858,5,9,2056,2138,1833,1888
246,4,1822,3547,3,8,1781,1847,3464,3598
247,5,2555,4854,4,8,2525,2580,4824,4891
248,5,2488,4761,5,7,2477,2502,4730,4795
249,6,3032,7344,5,9,3010,3074,7306,7394
250,5,4591,8354,5,7,4547,4634,8330,8380
251,6,4705,7880,6,8,4685,4726,7849,7920
252,5,4517,7214,4,9,4470,4580,7176,7259
253,6,4557,5637,5,9,4525,4590,5604,5661
254,4,4491,4619,4,7,4471,4529,4593,4652
255,6,3353,3474,4,9,3318,3384,3436,3509
256,8,3430,3809,8,10,3407,3451,3776,3839
257,4,4327,4964,4,7,4286,4366,4925,5021
258,4,2653,1193,4,6,2613,2692,1158,1232
259,5,2844,6427,5,8,2806,2892,6390,6467
260,5,2217,6734,5,7,2175,2252,6699,6765
261,7,2174,6812,6,10,2141,2214,6778,6843
262,5,1913,6492,5,7,1899,1928,6463,6521
263,8,1928,6628,7,10,1899,1955,6592,6671
264,8,706,3753,6,12,644,774,3718,3790
265,8,905,4034,6,11,861,963,3951,4090
266,7,803,4568,6,10,732,864,4512,4640
267,8,772,4961,8,11,736,816,4931,4995
268,6,930,5347,6,8,892,971,5316,5374
269,8,956,7825,7,10,923,985,7781,7877
270,7,2036,4659,6,10,2015,2065,4609,4704
271,8,2072,3128,6,12,2043,2103,3063,3208
272,9,1878,2423,6,13,1835,1911,2387,2465
273,8,2367,869,6,12,2326,2407,827,912
274,5,2942,843,5,7,2919,2968,828,862
275,7,2064,1424,6,9,2030,2095,1407,1444
276,8,2175,1385,7,10,2147,2199,1360,1407
277,5,2093,8072,5,8,2059,2129,8031,8117
278,8,2107,8273,8,11,2078,2137,8237,8310
279,7,1478,8051,6,10,1456,1498,8019,8086
280,7,1687,8202,6,10,1649,1733,8170,8234
281,8,1552,7844,8,11,1507,1598,7818,7873
282,7,1476,6794,7,10,1441,1504,6776,6818
283,5,1125,8091,5,7,1100,1153,8067,8117
284,8,1461,2160,7,11,1445,1477,2118,2208
285,6,652,1903,6,9,630,677,1870,1929
286,9,2456,5729,9,12,2399,2506,5662,5809
287,8,3346,6699,8,11,3300,3390,6674,6724
288,6,2656,6390,6,8,2621,2698,6362,6431
289,8,1102,1533,7,10,1076,1132,1511,1563
290,7,1380,3412,7,10,1345,1413,3394,3434
291,8,1965,3939,7,10,1928,1992,3901,3982
292,7,1025,5524,6,10,983,1069,5412,5669
293,7,1205,5847,7,10,1186,1233,5803,5883
294,8,1263,5585,7,12,1232,1293,5538,5640
295,7,2225,8691,7,8,2193,2253,8655,8734
296,7,2361,8194,7,10,2342,2388,8165,8223
297,8,2505,8022,8,11,2474,2543,7976,8070
298,7,4889,8344,7,8,4868,4912,8328,8361
299,7,3212,5338,6,11,3178,3250,5244,5453
300,8,2903,4833,6,11,2824,2999,4746,4920
301,8,3110,3783,7,10,3070,3148,3723,3848
302,7,2967,3875,6,9,2936,3000,3837,3926
303,7,3585,3494,6,10,3564,3608,3472,3520
304,6,2627,4229,6,7,2609,2648,4217,4246
305,6,2729,3889,6,8,2716,2744,3871,3910
306,6,2181,3499,6,9,2147,2225,3458,3538
307,6,2398,2858,6,8,2368,2428,2838,2879
308,7,1987,1158,6,9,1951,2021,1122,1202
309,8,2030,5437,7,12,1997,2067,5385,5493
310,9,2151,5146,8,11,2129,2169,5103,5198
311,10,2088,5589,9,13,2044,2131,5572,5614
312,8,2022,7123,7,11,2005,2045,7080,7168
313,9,1950,7171,7,12,1917,1974,7112,7221
314,8,2363,7414,6,11,2301,2423,7365,7467
315,9,3167,5507,8,12,3122,3207,5464,5552
316,8,4239,6247,7,11,4216,4258,6177,6308
317,6,973,6658,6,8,938,1010,6628,6686
318,5,1545,5150,5,8,1489,1609,5114,5179
319,6,3546,3757,6,8,3525,3569,3726,3786
320,6,3686,4165,6,8,3667,3711,4154,4185
321,9,1464,899,6,14,1405,1504,858,990
322,9,1559,1007,8,12,1512,1613,961,1043
323,9,1977,697,8,11,1905,2031,647,750
324,8,2599,812,8,11,2560,2645,767,857
325,11,2945,1118,9,14,2913,2977,1104,1137
326,11,2800,950,9,15,2746,2855,926,968
327,9,2611,1373,9,12,2591,2635,1339,1406
328,12,2452,1595,11,15,2420,2489,1569,1633
329,11,1148,4424,9,16,1063,1253,4379,4481
330,11,1009,4453,11,13,981,1042,4430,4474
331,9,791,3409,8,12,755,812,3354,3459
332,9,1139,3043,8,12,1104,1179,3016,3078
333,9,1265,2917,8,11,1245,1288,2874,2960
334,8,1029,2722,7,10,1000,1056,2678,2762
335,8,3523,3667,8,10,3490,3554,3624,3701
336,5,3478,4016,5,7,3462,3498,3993,4039
337,5,3529,4029,5,6,3516,3546,4018,4041
338,8,3787,3744,7,10,3754,3816,3718,3778
339,7,3372,4620,7,9,3342,3398,4567,4664
340,12,4333,4426,10,17,4266,4432,4378,4523
341,9,4379,4163,8,11,4322,4428,4113,4223
342,11,4460,4540,10,15,4392,4498,4496,4587
343,10,4124,4738,9,13,4088,4166,4687,4792
344,12,4248,3766,10,15,4225,4289,3720,3813
345,17,4194,4265,15,21,4134,4253,4228,4309
346,9,2004,1949,9,12,1972,2040,1928,1972
347,9,1700,1751,7,13,1684,1715,1704,1811
348,10,1755,4642,9,13,1716,1787,4582,4708
349,11,1831,4282,9,15,1744,1905,4219,4346
350,10,1775,4731,8,13,1740,1809,4703,4768
351,9,2737,4652,7,12,2713,2767,4618,4693
352,9,2655,5241,8,12,2598,2713,5224,5281
353,11,2770,5575,9,15,2702,2829,5518,5623
354,11,2702,5713,10,14,2660,2742,5680,5741
355,14,2981,5612,12,17,2946,3032,5578,5650
356,18,3184,6265,15,23,3126,3248,6227,6320
357,9,2869,5388,9,11,2825,2912,5348,5426
358,10,2697,6123,9,13,2655,2744,6070,6187
359,10,2509,6193,9,13,2485,2541,6151,6233
360,14,2547,6330,12,17,2510,2582,6283,6374
361,9,3234,7906,7,13,3204,3282,7818,8013
362,14,3241,7755,13,17,3228,3259,7731,7776
363,9,3407,7512,8,12,3360,3461,7473,7560
364,7,3504,7482,7,9,3476,3533,7451,7519
365,8,4522,7873,8,11,4497,4551,7815,7914
366,7,825,4889,7,9,803,848,4849,4934
367,9,1262,2544,8,12,1221,1304,2513,2562
368,9,2045,2433,8,13,2011,2074,2391,2476
369,8,3635,3979,8,9,3623,3652,3953,4006
370,11,2855,3988,10,14,2786,2922,3954,4023
372,8,3324,6964,8,11,3292,3355,6923,7011
373,13,3309,7334,12,15,3267,3357,7302,7382
374,13,2953,6824,10,17,2902,3009,6785,6876
375,15,2929,7132,13,19,2897,2969,7087,7176
376,12,2749,7028,12,14,2716,2781,6990,7065
377,7,3052,4060,7,10,3030,3080,4024,4103
378,10,2984,4574,9,13,2962,3005,4548,4604
379,10,641,1556,9,12,597,681,1513,1611
380,11,865,2272,8,16,809,927,2206,2338
381,9,1742,5676,9,12,1714,1767,5652,5711
382,8,1025,8034,8,10,996,1065,8005,8059
383,9,2071,6562,9,11,2034,2107,6518,6601
384,11,1964,4057,10,14,1915,2017,4025,4088
385,9,2075,3314,8,11,2054,2099,3285,3343
386,10,2325,3919,10,12,2287,2374,3869,3985
387,9,2166,905,8,12,2130,2205,878,940
388,11,2580,642,10,14,2562,2602,610,672
389,9,2425,4731,9,12,2399,2456,4706,4762
390,11,2609,3912,9,14,2563,2659,3897,3939
391,9,2643,3043,9,11,2615,2675,3033,3056
392,9,4214,5044,9,11,4197,4232,5018,5071
393,10,4435,5089,9,14,4391,4473,5053,5135
394,10,1143,3134,10,12,1113,1173,3091,3176
395,14,1101,3404,10,19,1062,1127,3302,3492
396,10,963,2862,10,12,922,1003,2846,2881
397,10,1426,4533,10,12,1392,1462,4518,4549
398,11,2244,1836,10,14,2229,2265,1807,1870
399,11,1630,1607,10,14,1603,1672,1530,1664
400,11,1431,5231,10,14,1385,1499,5157,5312
401,11,1724,6523,10,14,1683,1766,6506,6541
402,15,1587,6730,11,20,1525,1640,6658,6805
403,12,1430,8171,10,17,1366,1488,8061,8263
404,14,1694,8239,14,16,1672,1716,8195,8283
405,9,1947,8061,8,12,1914,1983,8038,8091
406,10,1442,7355,9,12,1400,1493,7313,7395
407,11,1919,7859,7,15,1832,1980,7809,7909
408,10,2243,8035,10,12,2216,2275,8011,8055
409,10,2345,7714,10,12,2323,2372,7678,7744
410,10,2238,6619,10,12,2201,2281,6580,6663
411,9,3191,6947,8,11,3133,3241,6887,7015
412,13,3814,7453,10,18,3773,3869,7427,7490
413,11,4108,7789,10,14,4044,4167,7765,7820
414,9,4679,7257,9,12,4621,4740,7208,7296
415,13,4863,7421,11,16,4832,4925,7367,7479
416,10,4862,7824,9,13,4828,4907,7780,7851
417,12,4823,7674,11,16,4744,4896,7607,7730
418,12,4515,6341,10,16,4478,4551,6286,6380
419,9,4259,4281,9,12,4233,4285,4251,4315
420,10,3375,4446,10,13,3350,3401,4414,4482
421,10,540,1742,9,13,498,582,1709,1773
422,13,860,1443,11,17,819,911,1399,1496
423,15,878,1624,14,19,820,921,1590,1670
424,12,1351,1200,11,16,1278,1437,1157,1251
425,11,1425,789,10,13,1394,1455,764,822
426,11,1915,904,10,13,1877,1958,859,935
427,11,2928,332,10,13,2905,2959,298,368
428,12,2846,226,12,13,2805,2889,217,240
429,10,2475,5065,10,13,2450,2507,5050,5083
430,14,2353,5068,14,17,2317,2396,5020,5111
431,14,2441,5204,14,17,2413,2474,5164,5246
432,15,2483,5382,14,19,2462,2503,5301,5433
433,10,2235,5456,10,12,2195,2294,5442,5483
434,11,2223,5625,10,14,2189,2266,5579,5667
435,10,2120,5787,9,14,2083,2159,5762,5821
436,9,2400,6356,9,12,2375,2432,6321,6399
437,18,1500,6580,17,21,1458,1539,6519,6637
438,15,1572,6891,15,18,1536,1617,6860,6934
439,15,1852,7288,15,17,1828,1884,7279,7300
440,15,2019,6723,15,17,1969,2073,6696,6752
441,14,1161,7479,14,17,1128,1198,7435,7512
442,12,1689,7354,11,14,1644,1732,7311,7389
443,15,1335,7438,14,17,1295,1373,7377,7488
444,12,1111,6959,11,16,1063,1140,6906,7003
445,15,984,7531,15,17,950,1010,7500,7569
446,15,920,7216,15,17,906,935,7188,7251
447,15,1077,7436,14,17,1052,1108,7391,7479
448,10,3446,6225,9,13,3406,3479,6176,6270
449,12,1482,3465,12,14,1443,1534,3407,3515
450,14,1728,3663,13,18,1684,1774,3624,3706
451,11,1592,4196,9,15,1560,1623,4169,4238
452,9,3383,5553,9,12,3360,3406,5527,5593
453,11,1025,881,11,13,995,1060,860,909
454,10,1283,2725,10,13,1259,1309,2707,2748
455,12,1367,2696,11,14,1336,1398,2667,2724
456,11,1649,5518,10,13,1604,1693,5478,5554
457,11,2036,5799,10,13,2020,2061,5771,5829
458,13,1007,6218,11,17,949,1073,6167,6255
459,10,1338,7822,9,12,1289,1392,7798,7864
460,10,1262,8246,10,13,1217,1300,8209,8298
461,11,1436,8474,11,12,1410,1467,8454,8501
462,12,3786,8053,11,15,3756,3820,7996,8107
463,11,3876,8181,11,13,3838,3913,8140,8223
464,13,4020,7947,12,16,3973,4070,7894,7989
465,16,3894,7686,15,20,3811,3953,7637,7722
466,11,4202,6459,10,13,4162,4233,6430,6490
467,13,4665,5608,12,17,4616,4719,5575,5660
468,12,3979,5186,10,16,3927,4030,5160,5221
469,14,3590,3955,12,20,3510,3678,3895,4024
470,15,3570,4224,11,21,3500,3667,4173,4262
471,12,2792,3752,11,15,2767,2838,3703,3800
472,15,2950,3555,14,19,2905,3004,3513,3605
473,13,3215,3345,11,18,3135,3284,3322,3377
474,12,1903,1720,10,15,1889,1927,1683,1760
475,15,2120,1372,12,20,2067,2173,1340,1410
476,11,1864,1465,11,13,1842,1887,1438,1499
477,11,2323,4338,10,13,2291,2364,4303,4386
478,13,1976,5064,11,18,1894,2058,5035,5089
479,13,734,2807,11,18,683,798,2755,2852
480,11,2473,6038,10,14,2446,2498,5994,6086
481,10,2342,6429,10,12,2320,2370,6407,6451
482,10,3249,8102,9,13,3207,3295,8071,8141
483,12,773,921,12,15,747,803,877,966
484,14,863,1147,12,17,807,930,1074,1183
485,13,1240,1167,12,16,1169,1312,1094,1239
486,12,1485,1534,12,15,1438,1538,1445,1605
487,13,1408,1342,12,16,1385,1429,1304,1378
488,11,1174,6820,11,13,1139,1202,6803,6835
489,13,2092,7774,12,16,2056,2138,7740,7814
490,12,2370,8085,12,14,2354,2388,8070,8104
491,14,2409,8402,12,16,2323,2479,8331,8455
492,11,3461,7652,11,14,3435,3493,7625,7678
493,12,4027,8124,12,14,3995,4059,8088,8164
494,11,3743,7798,11,13,3712,3781,7778,7823
495,12,4301,5043,12,14,4280,4324,5028,5058
496,14,3538,4629,12,19,3479,3575,4580,4691
497,13,3333,5185,12,16,3293,3373,5162,5217
498,14,2273,4669,12,17,2179,2370,4611,4731
499,12,2065,4148,12,14,2023,2104,4097,4201
500,14,1154,4079,13,17,1115,1203,4065,4102
501,14,1062,4310,13,17,1028,1103,4266,4350
502,18,1173,4647,17,22,1134,1203,4610,4697
503,17,1363,4406,17,19,1339,1398,4378,4430
504,17,1259,4828,17,20,1197,1311,4804,4858
505,21,1421,4582,19,25,1372,1477,4536,4631
506,14,2207,1750,12,17,2171,2255,1712,1776
507,13,2721,1244,12,15,2687,2753,1217,1268
508,11,3045,690,11,14,3013,3085,658,729
509,13,3049,764,13,14,3029,3074,745,782
510,13,1739,2078,12,15,1720,1767,2031,2132
511,13,2184,4938,12,17,2134,2243,4870,5000
512,13,1618,723,12,15,1593,1648,689,766
513,14,3904,4801,13,17,3871,3932,4775,4828
514,14,1674,5290,13,18,1643,1708,5241,5339
515,1,3394,4305,1,4,3373,3412,4282,4335
516,14,2263,3229,13,16,2219,2299,3187,3266
517,12,4144,7863,11,14,4116,4177,7850,7876
518,14,4525,4828,12,18,4484,4562,4801,4858
519,14,1519,4958,13,19,1453,1597,4888,4993
520,14,1536,5030,13,17,1495,1584,5013,5061
521,15,1307,5004,14,20,1219,1402,4959,5049
522,14,1612,2650,13,19,1550,1688,2584,2710
523,14,3942,7294,13,17,3896,3978,7254,7335
524,22,3772,7074,19,27,3725,3829,7034,7128
525,28,3776,7456,27,30,3756,3797,7423,7492
526,12,2677,6626,11,14,2659,2705,6600,6654
527,12,1051,731,11,14,1031,1068,709,764
528,13,903,914,13,15,880,924,895,936
529,13,2372,8594,13,16,2334,2401,8558,8637
530,14,1207,5518,14,16,1186,1242,5476,5564
531,14,1392,881,13,17,1366,1411,844,918
532,13,3967,6291,13,16,3925,4012,6265,6308
533,14,4265,7961,13,16,4229,4302,7935,7985
534,13,3313,6350,12,16,3290,3335,6312,6387
535,16,3289,6272,15,18,3277,3303,6241,6303
536,15,2535,5592,13,19,2471,2574,5552,5650
537,19,2331,5652,18,22,2305,2362,5615,5693
538,15,2140,5136,13,19,2118,2169,5083,5190
539,13,4017,8385,13,15,3985,4048,8356,8419
540,14,4059,8486,14,16,4038,4078,8456,8519
541,18,4223,8274,17,21,4179,4278,8230,8316
542,12,3302,7821,12,14,3282,3325,7801,7846
543,13,4693,3570,13,16,4641,4747,3532,3598
544,14,1811,2319,13,17,1775,1854,2272,2390
545,14,1312,4219,14,17,1294,1337,4208,4234
546,16,1662,4350,15,19,1615,1707,4305,4392
547,15,1947,3142,14,17,1914,1987,3107,3186
548,15,1849,3489,15,18,1834,1871,3439,3531
549,14,2535,3426,14,16,2506,2566,3385,3476
550,14,3280,5428,13,17,3244,3314,5408,5443
551,15,3284,5495,15,18,3266,3307,5453,5541
552,15,3262,5863,14,17,3210,3316,5822,5893
553,15,3190,5765,15,18,3150,3226,5712,5804
554,15,2313,5302,14,17,2292,2331,5263,5346
555,17,2178,5280,16,20,2121,2223,5234,5327
556,15,2043,5663,14,17,2023,2066,5649,5682
557,17,1983,6274,16,20,1930,2035,6221,6339
558,15,901,5844,14,17,833,958,5822,5878
559,16,1087,5600,15,18,1056,1120,5577,5629
560,14,1312,7952,14,16,1293,1340,7921,7985
561,17,1314,7815,17,20,1289,1339,7758,7875
562,16,1083,8166,15,19,1057,1113,8117,8226
563,16,2142,8289,15,18,2103,2173,8251,8324
564,18,2451,7831,16,23,2390,2486,7746,7904
565,14,4449,8384,14,18,4403,4502,8351,8413
566,14,4371,6421,13,17,4338,4413,6363,6462
567,17,4437,6478,16,20,4400,4459,6436,6526
568,21,4479,6260,20,24,4435,4522,6206,6304
569,16,4338,5665,15,19,4319,4362,5615,5717
570,15,4281,5622,14,19,4244,4314,5575,5677
571,15,2241,6181,14,18,2204,2286,6142,6217
572,14,2082,5757,14,16,2064,2103,5740,5776
573,18,800,1442,18,21,765,842,1405,1499
574,13,1771,6449,13,15,1709,1830,6420,6486
575,14,2073,4282,14,17,2023,2138,4242,4328
576,15,1952,4565,15,17,1942,1962,4548,4584
577,14,2283,956,13,16,2237,2328,909,995
578,16,2527,6790,15,19,2498,2551,6763,6819
579,17,2466,6790,17,20,2440,2498,6749,6834
580,13,2480,2954,12,15,2455,2513,2924,2995
581,15,1623,3727,14,17,1612,1634,3693,3760
582,13,1673,1230,13,16,1659,1689,1204,1261
583,13,2045,1488,12,16,2014,2078,1445,1529
584,15,2959,628,14,19,2914,3003,596,676
585,14,3050,855,14,17,3027,3077,825,880
586,15,2958,1170,14,17,2924,2986,1133,1203
587,14,3746,4338,14,16,3721,3772,4319,4356
588,14,3828,4280,14,16,3797,3868,4260,4301
589,14,1181,5887,14,16,1144,1221,5855,5918
590,13,917,4796,13,15,891,942,4775,4821
591,15,1132,2427,15,17,1106,1157,2405,2454
592,15,2110,7482,14,19,2077,2145,7452,7514
593,15,2367,5786,13,19,2345,2395,5749,5823
594,15,2563,3682,15,17,2528,2598,3643,3716
595,16,1055,2006,15,18,1021,1100,1947,2084
596,15,2776,1180,15,17,2762,2795,1129,1224
597,15,2650,132,15,17,2614,2689,105,161
598,16,3169,493,15,19,3129,3205,458,533
599,15,2088,2216,14,17,2059,2117,2180,2254
600,17,2629,4177,15,21,2611,2647,4139,4225
601,16,2770,5212,15,18,2747,2804,5165,5257
602,15,2739,5552,15,16,2710,2774,5531,5578
603,14,2942,5831,14,17,2903,2979,5813,5844
604,15,3453,6841,14,19,3421,3479,6780,6897
605,15,3745,7599,15,17,3703,3793,7555,7640
606,15,5102,7102,15,18,5082,5130,7067,7135
607,15,5243,7600,15,16,5233,5253,7571,7631
608,13,5285,8304,13,16,5254,5321,8285,8325
609,15,5276,7788,15,16,5254,5293,7750,7824
610,15,5176,8011,15,16,5147,5209,7976,8050
611,15,5081,8213,15,16,5056,5109,8192,8236
612,15,5307,7928,15,16,5287,5330,7913,7948
613,15,4867,8378,15,16,4853,4882,8328,8424
614,15,4954,7250,15,16,4934,4978,7226,7272
615,15,3949,6722,14,18,3921,3977,6693,6752
616,17,3665,6290,16,20,3632,3703,6258,6333
617,15,3352,4704,15,16,3330,3378,4666,4740
618,15,4629,6955,15,16,4605,4651,6940,6977
619,17,4651,6470,15,20,4618,4682,6427,6514
620,16,4679,6319,15,20,4637,4714,6297,6347
621,14,4658,5516,13,16,4645,4674,5491,5540
622,16,4614,5441,15,19,4601,4630,5412,5474
623,13,3318,3605,12,16,3268,3367,3582,3622
624,17,3187,3498,15,21,3143,3248,3469,3533
625,15,927,8312,15,16,904,951,8290,8336
626,14,2971,7457,14,17,2943,3002,7432,7485
627,15,5095,5125,15,16,5067,5124,5111,5141
628,16,2113,131,15,19,2030,2189,86,168
629,15,2292,233,15,17,2240,2337,196,282
630,18,2523,297,18,19,2508,2541,256,340
631,15,1976,1753,15,17,1953,2005,1720,1794
632,17,1608,5679,16,20,1544,1657,5639,5707
633,17,1721,5171,16,19,1671,1771,5135,5221
634,15,1821,5114,15,16,1809,1834,5100,5130
635,15,1789,5264,14,17,1774,1810,5249,5282
636,16,1727,5342,16,18,1719,1737,5313,5370
637,14,1687,5084,14,17,1663,1716,5061,5108
638,14,1914,6847,14,16,1883,1946,6822,6871
639,14,5118,6511,13,16,5098,5143,6462,6574
640,15,5002,3992,15,16,4979,5025,3973,4011
641,15,793,6351,15,17,760,837,6323,6378
642,14,3801,8524,14,16,3762,3835,8503,8543
643,15,4397,8485,15,16,4384,4411,8465,8507
644,16,2908,4080,16,17,2879,2938,4060,4100
645,16,384,618,16,17,355,415,589,649
646,16,900,446,16,17,891,913,419,474
647,16,827,584,16,17,813,844,571,597
648,16,877,802,16,17,866,889,774,832
649,16,1457,441,16,17,1424,1493,422,466
650,16,1416,780,16,17,1397,1438,761,801
651,16,1682,315,16,17,1672,1698,288,346
652,16,1855,680,16,17,1835,1870,655,710
653,17,1041,1194,16,21,1010,1077,1147,1248
654,16,1116,1774,16,17,1098,1136,1765,1784
655,17,1856,1393,16,19,1837,1874,1356,1427
656,16,2545,1425,15,19,2528,2567,1399,1461
657,15,2358,2942,14,17,2319,2388,2926,2962
658,17,1133,3611,16,20,1113,1168,3535,3664
659,16,1890,3971,16,19,1881,1904,3934,4008
660,17,3134,3944,16,21,3098,3176,3899,3993
661,15,3828,3837,15,18,3807,3852,3809,3874
662,17,971,5241,16,19,955,989,5214,5266
663,17,773,5212,16,19,753,799,5184,5238
664,16,961,4773,16,18,940,981,4759,4787
665,17,2109,4813,16,19,2076,2151,4774,4854
666,17,4335,5263,16,20,4312,4355,5206,5312
667,15,3783,5666,15,18,3761,3806,5653,5686
668,16,1556,6075,15,18,1529,1585,6065,6087
669,17,3907,7140,16,20,3873,3933,7109,7171
670,18,3188,7186,15,23,3140,3229,7110,7251
671,16,2792,7036,16,19,2772,2811,7005,7070
672,15,2158,7424,15,17,2128,2204,7394,7445
673,17,3564,7770,16,20,3510,3608,7731,7816
674,15,862,7911,15,17,818,917,7898,7925
675,15,795,7204,15,17,763,827,7190,7218
676,15,1205,7765,15,17,1176,1235,7736,7796
677,19,1840,3964,19,22,1793,1881,3942,3986
678,20,1899,4081,17,24,1865,1930,4037,4129
679,18,1605,3929,17,20,1582,1632,3890,3956
680,19,4647,3582,17,23,4599,4707,3522,3634
681,18,2998,3946,17,22,2974,3022,3900,4004
682,20,3013,4070,19,22,2995,3030,4051,4093
683,21,3987,4429,17,25,3865,4096,4369,4489
684,20,4453,5555,17,25,4391,4511,5498,5617
685,17,4851,5034,17,18,4831,4873,5023,5047
686,17,4857,4614,17,18,4825,4891,4605,4625
687,18,3805,5213,17,20,3766,3843,5177,5249
688,18,1593,5451,17,22,1535,1658,5392,5532
689,17,1787,6550,17,20,1751,1814,6516,6588
690,20,1503,6087,19,22,1467,1534,6045,6132
691,18,3937,6537,17,21,3882,3988,6519,6567
692,15,4038,7756,15,18,4009,4064,7732,7778
693,17,3529,7293,16,21,3497,3562,7253,7325
694,18,3054,7358,17,21,3014,3093,7306,7408
695,18,3206,7619,17,21,3141,3257,7599,7641
696,19,2562,7467,17,22,2511,2617,7428,7503
697,18,1615,8269,17,22,1555,1665,8211,8333
698,19,1866,8703,18,22,1812,1908,8664,8767
699,16,1482,8662,14,19,1426,1534,8619,8710
700,17,2132,8793,17,20,2097,2181,8754,8834
701,17,4911,6942,17,19,4886,4939,6914,6972
702,17,4384,9381,17,18,4316,4449,9362,9410
703,18,828,1718,18,21,809,850,1681,1761
704,20,761,1674,18,24,698,814,1628,1731
705,18,1522,1154,18,21,1503,1543,1110,1205
706,18,1759,831,18,20,1729,1805,773,880
707,18,2314,1375,18,20,2280,2351,1347,1404
708,19,2391,849,18,22,2340,2421,789,896
709,18,2462,1031,18,21,2406,2527,967,1088
710,18,2728,912,18,21,2707,2757,891,940
711,18,2831,295,18,19,2819,2845,258,334
712,18,2078,257,18,19,2060,2099,236,280
713,19,2615,1460,18,22,2564,2657,1413,1505
714,18,1883,2034,17,21,1850,1916,2004,2069
715,18,1963,1980,18,21,1945,1986,1938,2025
716,18,2440,1327,18,20,2403,2486,1274,1380
717,21,1256,2611,18,25,1152,1335,2536,2707
718,18,2119,3095,18,21,2102,2142,3056,3137
719,19,3050,3380,18,23,3003,3100,3313,3471
720,21,2369,3277,18,26,2292,2448,3212,3315
721,18,2481,3644,17,20,2441,2523,3626,3662
722,19,3149,4501,18,21,3103,3196,4459,4539
723,20,2867,4500,18,24,2806,2924,4458,4549
724,20,2746,4272,18,24,2712,2792,4241,4310
725,21,2743,4622,19,24,2696,2781,4586,4646
726,19,2339,4461,18,22,2299,2392,4405,4512
727,18,995,4657,18,20,940,1044,4600,4707
728,19,1031,4950,18,22,986,1073,4919,4984
729,19,1452,6759,18,22,1423,1483,6725,6791
730,18,1068,7092,18,20,1022,1119,7049,7135
731,18,1569,7366,18,20,1509,1624,7319,7423
732,18,1312,7382,18,21,1272,1349,7354,7418
733,18,1451,7161,18,21,1425,1476,7126,7188
734,19,1350,7026,18,22,1276,1428,6968,7112
735,18,3462,7157,18,21,3430,3493,7136,7182
736,20,3798,7573,18,25,3761,3832,7542,7604
737,18,5044,7530,18,20,5020,5069,7503,7560
738,19,4982,7620,18,22,4955,5003,7573,7677
739,19,4942,7395,19,22,4912,4974,7339,7457
740,24,4929,7483,23,28,4894,4966,7448,7532
741,17,4879,7186,17,19,4851,4901,7150,7223
742,18,4715,7551,18,20,4670,4757,7522,7577
743,18,4521,6812,18,20,4490,4566,6778,6845
744,17,4395,5812,17,20,4335,4447,5740,5886
745,19,4098,5738,17,22,4068,4133,5705,5770
746,18,4477,4674,18,20,4441,4508,4648,4700
747,18,2879,5073,18,21,2856,2906,5037,5107
748,19,1072,914,18,22,1049,1115,871,954
749,17,1145,2002,16,19,1115,1179,1950,2056
750,18,2508,651,18,19,2493,2522,635,670
751,18,935,7215,18,19,925,946,7189,7244
752,21,2288,1906,19,25,2247,2336,1878,1936
753,23,1821,2360,19,29,1774,1871,2281,2424
754,19,3245,3693,19,21,3226,3276,3645,3742
755,19,3518,3758,19,22,3501,3543,3726,3796
756,20,4489,4086,20,22,4468,4512,4057,4119
757,20,4822,4491,19,22,4793,4856,4450,4524
758,19,4883,4668,19,21,4841,4921,4643,4715
759,20,4625,4627,20,23,4591,4660,4573,4676
760,21,1795,4555,19,25,1763,1830,4494,4622
761,21,2491,5048,18,27,2463,2512,4982,5128
762,19,3177,5505,18,21,3142,3215,5463,5548
763,18,4937,5549,17,21,4919,4952,5501,5595
764,20,5078,6645,19,23,5037,5122,6606,6681
765,20,5167,6989,19,24,5123,5207,6949,7023
766,19,4094,6915,18,22,4055,4134,6889,6938
767,20,2518,6147,19,23,2487,2546,6098,6184
768,19,2633,6397,18,22,2611,2657,6330,6452
769,19,2908,6692,18,21,2840,2993,6645,6720
770,18,3430,6711,18,20,3385,3489,6681,6742
771,18,1230,7199,18,20,1213,1246,7169,7229
772,20,1380,7372,20,22,1359,1404,7352,7396
773,20,1655,6596,19,23,1629,1686,6562,6630
774,19,5193,7488,19,20,5175,5211,7469,7511
775,22,3988,7388,19,28,3938,4040,7359,7429
776,21,3671,7959,20,24,3621,3728,7903,8039
777,22,4408,7633,22,24,4342,4487,7592,7664
778,18,2442,7959,17,20,2393,2485,7935,7984
779,18,1686,7779,18,20,1656,1718,7749,7816
780,19,1530,8974,19,21,1508,1554,8945,9009
781,19,1816,7761,19,21,1801,1832,7742,7781
782,17,4494,5276,16,20,4474,4519,5243,5304
783,21,1752,1945,20,24,1732,1769,1916,1989
784,20,4834,3357,20,21,4823,4849,3321,3394
785,21,1924,3629,20,23,1892,1965,3595,3669
786,21,2044,4438,19,26,1999,2073,4355,4510
787,18,2712,4578,17,20,2695,2740,4550,4606
788,21,2489,5204,20,24,2478,2504,5151,5246
789,20,2283,5502,19,22,2260,2309,5471,5539
790,21,2431,6378,20,23,2409,2456,6355,6398
791,21,4693,6075,20,24,4656,4732,6022,6132
792,20,1403,5800,19,22,1373,1443,5776,5834
793,20,4728,5922,20,22,4706,4755,5883,5956
794,21,5460,8105,20,24,5436,5486,8074,8142
795,20,5404,8291,20,22,5380,5434,8273,8310
796,23,5542,7880,22,27,5518,5586,7816,7957
797,21,5192,7053,20,23,5162,5228,7017,7091
798,21,3140,6982,20,24,3110,3174,6951,7023
799,20,3128,6723,18,22,3091,3176,6677,6786
800,20,2136,9090,20,22,2104,2166,9073,9105
801,19,2231,8763,18,21,2206,2258,8736,8790
802,20,1946,7070,19,23,1925,1976,7027,7114
803,21,2049,7012,20,24,2015,2087,6966,7055
804,21,2067,6594,20,24,2035,2115,6551,6637
805,23,1574,1957,20,29,1491,1651,1915,1988
806,20,4281,8917,20,21,4264,4303,8879,8955
807,19,1207,5869,18,21,1162,1264,5804,5933
808,19,3871,3723,19,21,3836,3907,3693,3752
809,19,2029,1180,19,21,1996,2056,1161,1202
810,20,2996,7665,20,22,2963,3033,7639,7692
811,22,1798,1095,21,24,1744,1844,1052,1137
812,22,2224,1418,21,25,2166,2285,1402,1436
813,21,1902,1828,21,23,1877,1932,1805,1851
814,22,1500,2077,21,25,1465,1539,2000,2154
815,24,1263,2763,21,29,1208,1315,2675,2846
816,21,4231,4504,21,24,4189,4285,4479,4528
817,22,1936,4223,21,25,1921,1956,4168,4276
818,22,1646,4390,21,25,1623,1671,4357,4427
819,26,1511,4031,23,31,1481,1576,3969,4095
820,22,3465,4780,21,25,3421,3516,4730,4838
821,22,4711,4462,21,24,4675,4737,4393,4512
822,22,3985,4880,21,24,3948,4020,4835,4916
823,21,3882,5367,21,23,3851,3910,5338,5403
825,23,4085,5326,22,26,4030,4128,5267,5396
826,22,3757,5600,22,25,3716,3801,5576,5627
827,21,1509,5854,21,24,1483,1543,5823,5895
828,22,2363,5914,21,24,2329,2401,5893,5937
829,21,4514,5111,21,24,4485,4537,5089,5139
830,21,4000,4701,21,24,3948,4072,4659,4742
831,23,3813,4132,22,26,3777,3854,4075,4178
832,22,4808,3986,21,25,4750,4856,3910,4056
833,21,4740,4911,21,24,4711,4771,4877,4938
834,22,2354,5858,21,25,2302,2410,5832,5889
835,22,3407,5809,21,25,3380,3433,5786,5829
836,21,5180,6077,21,23,5150,5206,6040,6115
837,21,4305,6718,21,24,4288,4326,6680,6758
838,20,3491,6857,20,23,3449,3531,6810,6905
839,23,3374,6645,21,26,3350,3415,6585,6699
840,22,3062,7411,21,26,3027,3100,7382,7451
841,21,2437,6869,20,23,2410,2461,6847,6898
842,22,5168,8008,21,24,5130,5207,7946,8057
843,22,1973,8063,21,25,1953,1992,8024,8109
844,20,4546,3942,19,22,4507,4599,3897,3999
845,21,2283,2014,21,23,2258,2309,1988,2040
846,21,4557,7566,21,23,4510,4590,7529,7597
847,21,2764,712,21,22,2734,2795,701,728
848,22,874,1164,22,25,841,915,1134,1211
849,23,1299,1621,22,28,1275,1341,1553,1681
850,22,1573,1622,21,25,1531,1606,1583,1661
851,22,1558,1837,21,25,1537,1577,1799,1869
852,22,1885,1329,21,24,1868,1900,1306,1354
853,22,1965,1758,21,25,1922,2014,1727,1793
854,23,1815,1690,22,26,1760,1876,1625,1743
855,22,4847,3346,22,24,4835,4861,3308,3385
856,22,3867,3667,22,23,3821,3918,3642,3698
857,22,3422,3599,22,25,3397,3450,3580,3625
858,23,3127,3700,22,26,3092,3156,3656,3754
859,23,1736,3300,22,27,1695,1779,3259,3326
860,24,1790,3112,22,27,1690,1855,3080,3142
861,22,1926,3770,22,25,1910,1954,3734,3804
862,22,1503,3605,22,25,1473,1536,3569,3653
863,27,1414,3484,23,32,1346,1489,3450,3526
864,22,5088,3716,22,23,5075,5101,3679,3756
865,22,3886,4263,22,25,3859,3909,4236,4299
866,23,2801,4886,22,27,2754,2852,4833,4947
867,23,1564,4641,23,26,1544,1582,4612,4671
868,24,1510,4393,23,26,1467,1542,4374,4410
869,23,2050,5461,22,27,2012,2086,5422,5481
870,24,3392,5620,22,27,3367,3414,5575,5663
871,25,4202,5453,22,30,4164,4243,5389,5516
872,22,5459,5209,22,23,5422,5500,5188,5232
873,22,5444,6279,22,23,5421,5468,6264,6292
874,22,5331,6119,22,24,5310,5352,6108,6129
875,22,5430,6712,22,24,5392,5460,6687,6743
876,24,3814,6304,22,27,3740,3912,6254,6389
877,22,2751,6516,21,25,2696,2795,6466,6554
878,22,2716,5851,22,24,2706,2728,5830,5873
879,23,2254,6133,22,26,2225,2280,6069,6184
880,23,1583,6225,22,25,1566,1603,6176,6267
881,23,2443,7513,22,27,2377,2499,7485,7558
882,23,1911,6933,22,25,1883,1945,6905,6975
883,22,2129,7423,22,24,2103,2180,7381,7464
884,23,2389,7744,22,26,2310,2472,7682,7816
885,24,2757,7473,22,27,2700,2818,7441,7509
886,23,2993,7120,22,26,2981,3006,7084,7157
887,23,3323,7061,22,26,3267,3385,6960,7134
888,23,3915,7703,22,26,3882,3956,7661,7740
889,24,4721,7208,22,29,4675,4782,7134,7272
890,25,5322,7776,22,29,5287,5356,7722,7832
891,22,2225,8126,22,25,2198,2258,8095,8165
892,22,2010,8685,22,24,1969,2045,8652,8719
893,22,2144,9445,22,23,2121,2170,9413,9480
894,22,5855,7457,22,23,5844,5872,7434,7481
895,24,2453,962,23,27,2436,2470,913,1007
896,23,2644,970,22,25,2607,2683,928,1011
897,24,2798,1374,23,26,2759,2844,1333,1419
898,28,2796,1170,25,33,2738,2936,1077,1240
899,25,981,2859,23,30,922,1035,2777,2950
900,24,4723,3141,23,27,4680,4764,3115,3171
901,24,4902,3104,23,26,4875,4925,3061,3139
902,23,5016,3780,23,26,4991,5048,3753,3809
903,24,3928,3543,23,27,3893,3956,3516,3570
904,22,3311,3648,22,24,3273,3348,3626,3670
905,24,2214,3579,23,28,2171,2255,3559,3604
906,25,2124,3859,23,28,2090,2164,3821,3917
907,23,2122,3551,23,25,2097,2147,3525,3582
908,23,1197,3531,23,25,1176,1225,3508,3562
909,25,4613,5224,22,29,4543,4669,5177,5282
910,23,4822,5518,23,24,4803,4842,5506,5532
911,25,3919,5424,23,28,3894,3938,5374,5464
912,24,2853,5405,23,26,2833,2878,5385,5431
913,26,2778,5686,25,28,2754,2803,5666,5706
914,24,2480,5954,23,26,2457,2504,5909,5989
915,23,1808,5247,23,25,1791,1834,5229,5266
916,25,2576,6613,24,27,2529,2619,6577,6646
917,25,3147,6478,23,28,3108,3179,6451,6505
918,24,3339,6384,23,26,3311,3388,6322,6484
919,25,3966,6261,23,29,3926,4020,6224,6301
920,25,5205,6769,23,27,5157,5278,6723,6825
921,24,3791,6811,22,27,3771,3809,6765,6860
922,24,3318,7361,23,27,3264,3360,7317,7402
923,23,2688,7424,23,25,2669,2715,7403,7451
924,24,4043,7894,23,27,4014,4069,7866,7926
925,22,5236,7427,22,25,5190,5291,7398,7472
926,23,4780,6834,22,25,4756,4800,6798,6880
927,24,4702,6464,24,27,4657,4745,6452,6476
928,24,2247,132,24,25,2227,2268,121,144
929,24,2334,310,24,26,2314,2357,268,353
930,24,2433,148,24,26,2401,2462,114,181
931,24,2707,200,24,26,2674,2736,173,226
932,25,2709,412,25,26,2686,2738,390,429
933,24,2512,517,24,26,2471,2558,471,557
934,24,3157,482,24,26,3106,3209,421,550
935,23,2004,895,23,25,1978,2042,867,918
936,25,1033,1740,24,29,1002,1068,1694,1770
937,25,1309,1800,24,27,1288,1332,1762,1843
938,25,1878,2006,23,28,1840,1916,1967,2041
939,24,2296,1569,24,27,2259,2332,1531,1626
940,25,1698,3857,24,29,1657,1736,3814,3922
941,24,1904,3446,24,26,1883,1928,3428,3465
942,26,2509,3609,24,29,2487,2530,3569,3646
943,26,3405,3919,25,29,3387,3424,3877,3955
944,24,4644,4408,24,27,4626,4664,4386,4438
945,27,4636,4475,24,31,4571,4668,4415,4533
946,24,5301,4059,24,25,5277,5327,4047,4072
947,25,4234,5044,24,28,4201,4273,5008,5089
948,26,3715,4959,24,29,3688,3743,4923,4996
949,25,2776,5260,24,28,2753,2801,5241,5288
950,24,2439,5432,24,27,2403,2486,5375,5485
951,24,1939,5105,23,27,1925,1952,5039,5162
952,24,1367,5052,24,25,1338,1398,5037,5067
953,25,1797,4638,24,28,1761,1834,4582,4690
954,24,1600,6402,24,25,1592,1609,6387,6420
955,23,2456,5763,23,25,2416,2505,5718,5811
956,25,4697,6186,24,28,4645,4746,6159,6221
957,27,5468,5954,24,31,5365,5560,5905,6003
958,24,4280,6785,24,26,4242,4317,6753,6809
959,24,3385,7196,24,26,3359,3414,7159,7231
960,26,2465,8066,25,30,2452,2480,8026,8103
961,24,2547,359,24,25,2529,2568,322,398
962,24,6016,7529,24,26,5986,6043,7500,7559
963,24,5837,7830,23,26,5809,5869,7810,7857
964,24,5325,8338,24,26,5270,5390,8310,8373
965,27,973,2601,24,30,912,1049,2568,2645
966,24,5063,2872,24,25,5045,5082,2849,2899
967,24,4531,4138,24,26,4502,4561,4112,4163
968,24,2963,6581,24,25,2955,2974,6567,6597
969,27,3395,660,25,33,3317,3453,595,719
970,26,2009,2152,25,28,1976,2046,2111,2194
971,26,2278,3451,25,30,2241,2307,3389,3504
972,25,2843,3703,24,28,2827,2863,3672,3736
973,26,2539,3210,25,29,2509,2576,3172,3258
974,29,2647,3661,27,34,2620,2674,3607,3721
975,26,2712,3526,26,28,2690,2739,3500,3554
976,25,3828,3877,25,28,3803,3855,3840,3918
977,26,4313,4190,25,29,4266,4361,4173,4210
978,25,4947,4330,25,26,4915,4987,4278,4377
979,25,5099,4420,24,28,5034,5153,4397,4443
980,25,5225,4698,25,27,5209,5241,4673,4722
981,27,5052,4784,26,30,5016,5076,4744,4820
982,25,4546,4879,25,27,4534,4562,4860,4897
983,25,3836,4892,24,27,3804,3879,4869,4914
984,25,2971,4507,23,29,2914,3019,4473,4548
985,27,2948,5075,25,30,2884,3020,5038,5109
986,25,3794,5274,25,27,3759,3838,5248,5300
987,26,2496,4525,24,29,2478,2519,4489,4573
988,25,1651,4199,25,27,1630,1677,4163,4240
989,27,1721,4898,25,31,1704,1737,4847,4941
990,29,1538,4806,27,32,1477,1611,4748,4853
991,26,1704,4315,26,28,1681,1727,4293,4340
992,26,5751,6138,25,29,5678,5817,6106,6165
993,26,5721,6493,25,29,5670,5770,6428,6548
994,28,5304,6403,25,33,5243,5361,6313,6483
995,26,2425,7380,24,29,2385,2467,7325,7428
996,25,3283,6803,24,29,3251,3319,6764,6837
997,26,3734,7303,25,29,3674,3796,7256,7349
998,26,3554,7371,26,29,3509,3613,7337,7403
999,27,5452,7037,24,32,5380,5542,6988,7073
1000,27,5231,7028,25,31,5180,5281,7006,7045
1001,27,5504,6187,26,30,5475,5534,6151,6224
1002,25,5935,6917,25,26,5920,5956,6881,6956
1003,24,3408,7429,24,26,3365,3459,7393,7469
1004,26,5562,8266,25,29,5538,5587,8243,8288
1005,24,6123,7989,24,26,6108,6141,7971,8009
1006,26,5452,5816,26,29,5429,5480,5783,5845
1007,27,5230,5939,26,30,5167,5289,5913,5968
1008,26,4838,5277,25,29,4793,4880,5251,5309
1009,25,2669,5649,25,27,2657,2682,5629,5669
1010,25,5671,7453,25,26,5663,5680,7425,7483
1011,25,5435,8653,25,28,5375,5489,8617,8685
1012,24,2337,8514,24,26,2319,2355,8472,8555
1013,24,3029,258,24,26,3016,3044,238,280
1014,24,5966,7614,24,26,5940,5995,7582,7638
1015,26,2035,1546,26,29,2007,2063,1511,1582
1016,29,3224,1040,26,34,3178,3377,979,1109
1017,25,5416,5748,25,27,5392,5447,5726,5770
1018,26,2947,6917,25,29,2907,2986,6869,6970
1019,27,2704,7206,26,29,2676,2736,7178,7238
1020,25,3936,7769,25,27,3908,3967,7744,7800
1021,26,1963,3946,26,29,1940,1993,3912,3972
1022,26,2856,5736,25,28,2820,2890,5714,5763
1023,27,3145,5535,26,30,3107,3188,5500,5558
1024,26,3737,5666,26,28,3720,3755,5629,5706
1025,26,3610,5561,26,29,3597,3634,5510,5611
1026,28,4326,5116,27,30,4294,4367,5082,5142
1027,26,4557,5393,26,29,4542,4574,5372,5416
1028,27,3730,4128,27,29,3710,3750,4111,4145
1029,28,4803,3644,27,32,4740,4878,3550,3704
1030,26,2940,4903,26,28,2921,2958,4885,4925
1031,26,4424,6177,25,28,4398,4451,6119,6226
1032,26,4759,5406,26,27,4738,4781,5397,5416
1033,26,5322,5032,25,29,5300,5354,5007,5055
1034,28,4869,5105,27,31,4832,4908,5066,5157
1035,28,3268,5530,27,31,3244,3298,5487,5569
1036,26,3045,6635,26,28,3023,3067,6608,6665
1037,26,2946,6308,26,29,2929,2964,6281,6336
1038,26,3711,6577,25,29,3684,3743,6559,6594
1039,28,3719,6391,28,30,3704,3738,6369,6414
1040,28,5901,6442,27,30,5869,5927,6355,6523
1041,28,5892,6618,27,30,5838,5945,6583,6658
1042,25,3598,6643,25,27,3567,3640,6617,6672
1043,28,3477,7001,26,31,3440,3512,6957,7046
1044,26,1869,6699,26,29,1843,1896,6663,6743
1045,28,3150,3531,26,31,3103,3195,3503,3561
1046,26,1388,4845,25,28,1368,1411,4807,4890
1047,26,2152,7963,26,27,2144,2162,7948,7980
1048,27,2801,7616,26,29,2777,2829,7604,7631
1049,26,5400,8089,26,27,5372,5435,8078,8102
1050,27,1266,2115,27,29,1228,1297,2065,2161
1051,29,1346,2259,27,32,1279,1384,2167,2319
1052,30,1097,2130,28,35,1061,1143,2053,2207
1053,30,931,1847,28,37,903,978,1799,1901
1054,27,1147,1648,27,30,1088,1203,1588,1708
1055,30,1025,1594,28,33,996,1060,1541,1643
1056,27,2475,1521,27,29,2456,2494,1498,1547
1057,27,784,2828,27,30,759,812,2800,2862
1058,27,4896,3001,27,30,4851,4944,2935,3051
1059,27,1180,3697,27,30,1154,1204,3667,3727
1060,27,2296,4200,27,30,2273,2330,4141,4256
1061,27,2591,4563,26,29,2572,2610,4544,4588
1062,27,3382,3600,27,29,3364,3398,3575,3625
1063,28,3642,3546,27,31,3585,3701,3498,3587
1064,32,2482,4688,28,39,2430,2529,4586,4791
1065,28,2032,4922,27,32,1999,2068,4873,4970
1066,27,2464,6315,27,28,2452,2477,6297,6334
1067,30,2631,6901,27,34,2600,2682,6808,7002
1068,29,4246,6700,27,32,4189,4312,6651,6761
1069,27,4780,6841,27,30,4759,4800,6807,6874
1070,26,4588,8733,26,29,4563,4609,8705,8773
1071,26,4553,8934,26,28,4518,4588,8902,8965
1072,29,2008,1356,28,32,1953,2076,1314,1406
1073,29,2260,2139,28,32,2224,2287,2102,2176
1074,30,2247,1997,30,33,2220,2275,1957,2042
1075,31,1514,2593,27,35,1387,1614,2540,2625
1076,29,2136,4895,28,33,2114,2175,4828,4961
1077,31,3228,4931,28,34,3129,3301,4890,4978
1078,30,4443,4325,28,34,4418,4477,4290,4360
1079,28,5097,4111,28,30,5039,5147,4095,4127
1080,29,2112,5724,27,32,2075,2153,5704,5747
1081,28,1967,6819,28,29,1942,1993,6798,6844
1082,28,2496,6316,28,30,2475,2517,6308,6327
1083,28,3008,6462,28,29,2999,3018,6445,6482
1084,28,2905,6441,28,29,2898,2914,6428,6456
1085,30,3934,6962,28,33,3879,3976,6921,6990
1086,31,4127,6914,29,36,4085,4177,6882,6947
1087,28,4641,6523,28,31,4601,4688,6503,6546
1088,29,4816,6084,28,32,4772,4872,6052,6127
1089,31,4970,6574,28,37,4908,5071,6539,6610
1090,28,5273,6946,27,31,5229,5315,6925,6970
1091,31,5340,6810,30,33,5310,5366,6778,6839
1092,33,4426,6962,30,39,4320,4529,6911,7048
1093,27,4035,7477,27,29,4002,4073,7449,7511
1094,28,3941,7530,28,31,3892,4012,7502,7569
1095,28,2659,7263,28,30,2645,2675,7247,7279
1096,27,5784,8433,27,29,5764,5801,8393,8473
1097,27,5864,8020,27,29,5851,5882,8005,8036
1098,28,2212,5355,28,30,2182,2246,5331,5381
1099,30,4707,6678,28,34,4683,4737,6635,6715
1100,29,2200,4016,28,31,2169,2234,3981,4050
1101,29,3201,3788,28,32,3175,3237,3759,3817
1102,29,3116,3300,28,31,3091,3143,3281,3330
1103,28,3269,3623,28,31,3238,3301,3597,3644
1104,30,1444,2477,29,34,1403,1491,2454,2501
1105,29,2453,1099,28,33,2369,2523,1033,1141
1106,29,3039,722,28,31,3013,3075,685,758
1107,29,1651,3735,28,32,1592,1699,3690,3782
1108,28,1529,3820,28,30,1504,1557,3793,3845
1109,29,1257,4003,29,31,1243,1271,3975,4034
1110,30,2061,3177,29,32,2045,2075,3149,3202
1111,30,2049,3539,30,32,2025,2072,3508,3571
1112,29,2376,3945,28,32,2361,2392,3907,3986
1113,29,2934,3992,29,31,2866,3021,3955,4038
1114,29,3692,3367,28,32,3637,3749,3318,3421
1115,30,4925,4100,29,33,4869,4973,4078,4140
1116,29,4552,3833,29,31,4534,4572,3806,3859
1117,30,3779,4002,29,32,3757,3799,3959,4047
1118,30,3767,4245,29,33,3736,3805,4195,4284
1119,29,2657,4369,29,31,2630,2682,4353,4387
1120,31,2086,4338,28,36,2047,2129,4229,4402
1121,29,2808,5054,28,32,2773,2847,5012,5090
1122,29,5722,5852,29,30,5689,5757,5842,5863
1123,29,5455,6571,29,30,5431,5482,6547,6597
1124,28,3761,6659,28,31,3723,3803,6640,6677
1125,29,3243,6734,29,31,3202,3286,6707,6759
1126,29,3046,6564,28,31,3015,3078,6550,6580
1127,31,4123,3650,29,35,4048,4215,3622,3688
1128,30,1586,4957,29,32,1569,1605,4918,4994
1129,30,2984,7172,29,33,2935,3019,7111,7219
1130,30,3612,7088,29,34,3586,3632,7012,7158
1131,29,6271,7479,29,30,6255,6284,7452,7509
1132,32,2574,7631,29,34,2542,2614,7569,7714
1133,29,2989,7450,29,30,2970,3010,7431,7470
1134,31,854,2640,30,35,810,903,2617,2669
1135,30,1158,1849,29,32,1112,1204,1816,1876
1136,29,1861,1833,29,32,1845,1884,1788,1884
1137,33,1882,2106,29,38,1847,1942,2063,2141
1138,30,1044,3903,30,32,1001,1084,3871,3924
1139,30,911,3747,30,32,880,946,3724,3766
1140,33,2672,3034,30,38,2617,2749,2977,3109
1141,31,4349,3599,30,34,4309,4406,3504,3660
1142,32,4358,4089,30,36,4314,4417,4069,4111
1143,30,3740,4618,30,31,3729,3753,4609,4629
1144,31,2755,4543,30,34,2720,2788,4516,4575
1145,31,2482,4283,29,34,2442,2529,4243,4337
1146,30,2414,4904,30,33,2375,2448,4848,4950
1147,29,1531,4423,29,31,1505,1560,4387,4454
1148,28,1471,4405,28,30,1440,1521,4376,4438
1149,30,1304,4678,30,31,1291,1320,4662,4695
1150,30,1035,4325,30,32,991,1103,4237,4391
1151,31,2022,5123,30,34,1998,2049,5065,5167
1152,30,3313,5044,30,32,3303,3326,5032,5059
1153,30,3156,5993,30,31,3147,3166,5972,6016
1154,31,3364,5900,29,34,3330,3398,5857,5943
1155,32,4141,5232,30,35,4115,4175,5174,5283
1156,30,4266,6005,30,32,4183,4328,5947,6058
1157,29,5153,6114,29,31,5120,5184,6090,6143
1158,32,5119,5091,29,35,5046,5230,4996,5151
1159,29,3982,6507,28,31,3962,4006,6464,6541
1160,31,3518,7136,30,34,3504,3535,7089,7182
1161,31,3269,7182,29,34,3230,3307,7127,7231
1162,30,2398,6465,29,33,2368,2447,6397,6523
1163,30,2348,7955,29,32,2301,2389,7927,7981
1164,30,4384,7787,29,32,4365,4415,7758,7824
1165,33,825,2094,31,36,761,885,2049,2130
1166,33,2266,1677,30,37,2189,2347,1638,1719
1167,31,874,1583,31,33,848,903,1554,1616
1168,32,4352,4278,31,35,4285,4432,4251,4312
1169,34,4118,4341,31,38,4045,4197,4287,4388
1170,32,3841,3640,31,35,3811,3884,3613,3671
1171,32,4940,3849,31,34,4858,5002,3811,3894
1172,32,2648,4059,32,34,2601,2685,4032,4089
1173,33,3021,4263,32,36,2960,3086,4223,4290
1174,31,2092,4083,31,34,2032,2145,4033,4120
1175,32,1327,4202,31,34,1292,1365,4175,4240
1176,32,2725,5219,30,35,2689,2753,5155,5285
1177,31,2750,5101,31,34,2719,2787,5078,5136
1178,32,2835,7424,31,34,2760,2907,7371,7474
1179,31,3195,6965,31,33,3167,3223,6940,6997
1180,32,4246,7005,31,35,4189,4291,6976,7048
1181,31,4505,7145,31,34,4466,4549,7104,7181
1182,32,5359,7161,31,35,5332,5386,7121,7199
1183,32,5440,8380,31,34,5414,5469,8354,8417
1184,34,1696,1654,32,38,1627,1746,1571,1716
1185,31,1501,1595,31,34,1453,1545,1548,1640
1186,33,2455,1420,31,37,2385,2549,1346,1477
1187,32,1902,3503,31,35,1863,1953,3470,3540
1188,32,2907,677,32,33,2882,2934,657,697
1189,32,3273,469,32,33,3246,3301,461,478
1190,32,1513,3859,32,34,1483,1545,3835,3886
1191,33,3076,3780,32,37,3015,3162,3735,3826
1192,32,5697,5097,32,33,5675,5721,5083,5114
1193,32,5324,4756,32,34,5299,5353,4720,4806
1194,33,4998,4865,32,37,4970,5045,4809,4916
1195,34,5080,5283,32,38,5061,5116,5232,5339
1196,33,3442,4946,30,37,3401,3493,4905,4990
1197,33,3067,4513,32,37,3028,3117,4465,4559
1198,32,2219,4989,31,35,2183,2260,4953,5040
1199,32,2243,6327,32,34,2220,2270,6297,6364
1200,33,3323,6516,32,36,3275,3373,6469,6559
1201,32,3496,5719,32,35,3439,3550,5697,5750
1202,32,3705,5627,31,35,3671,3737,5581,5670
1203,34,3325,5529,33,37,3293,3356,5498,5564
1204,31,5000,6014,31,34,4966,5044,5986,6044
1205,33,5364,5023,32,36,5325,5408,5007,5043
1206,32,6395,6990,32,33,6382,6411,6979,7004
1207,34,6213,6849,32,37,6133,6349,6753,6920
1208,32,5949,6796,32,33,5928,5971,6789,6807
1209,34,5397,6535,32,37,5377,5430,6475,6594
1210,32,4777,6273,32,34,4736,4817,6244,6299
1211,34,3429,6493,32,39,3369,3495,6450,6539
1212,32,5417,7622,32,34,5384,5455,7578,7667
1213,35,6026,7814,34,39,5978,6090,7787,7851
1214,32,5876,8492,32,33,5855,5895,8460,8522
1215,32,6683,8876,32,33,6644,6714,8856,8903
1216,32,6629,8329,32,33,6610,6648,8287,8376
1217,32,6256,8985,32,33,6231,6283,8962,9010
1218,32,4985,9109,32,33,4964,5003,9076,9141
1219,32,3618,3815,32,34,3597,3639,3764,3851
1220,31,4835,6492,31,34,4812,4864,6440,6535
1221,33,4639,4955,32,35,4623,4660,4936,4980
1222,35,4483,5055,33,38,4449,4519,5011,5100
1223,33,1803,2270,32,37,1760,1860,2226,2306
1224,33,1103,4248,33,34,1047,1138,4164,4339
1225,35,1644,3160,32,39,1588,1670,3110,3215
1226,33,3966,3602,33,34,3951,3983,3588,3618
1227,34,3879,3738,33,36,3843,3915,3708,3771
1228,34,4027,4017,33,37,3984,4073,3993,4044
1229,32,4309,3780,32,34,4267,4358,3749,3809
1230,33,5055,4260,32,36,5031,5096,4220,4306
1231,34,3275,5071,33,36,3255,3298,5038,5110
1232,33,2176,5101,33,36,2151,2211,5071,5138
1233,33,1695,6099,33,34,1682,1709,6081,6119
1234,33,4958,5264,32,35,4932,4984,5215,5302
1235,33,5106,5859,33,35,5082,5129,5835,5878
1236,31,5158,7048,30,34,5140,5176,6997,7088
1237,35,5140,6811,33,39,5095,5203,6765,6868
1238,35,4068,6879,33,39,4023,4117,6848,6904
1239,32,3713,6824,31,36,3696,3734,6773,6873
1240,33,3592,7315,33,36,3554,3626,7277,7346
1241,34,140,190,34,35,109,174,181,201
1242,34,125,569,34,35,102,154,543,600
1243,34,470,779,34,35,436,509,717,844
1244,34,813,876,34,35,785,848,857,901
1245,34,625,481,34,35,609,640,465,497
1246,34,574,346,34,35,537,612,332,360
1247,34,1127,1278,34,35,1066,1189,1236,1324
1248,34,1243,840,34,35,1230,1258,818,865
1249,34,1191,389,34,35,1154,1228,375,407
1250,34,1691,319,34,35,1661,1723,308,332
1251,34,2071,639,34,35,2032,2114,630,651
1252,34,2048,365,34,35,2015,2080,345,383
1253,34,2285,640,34,35,2228,2343,605,669
1254,34,2754,659,34,35,2720,2795,621,704
1255,34,3269,567,34,35,3244,3292,513,624
1256,34,3175,83,34,35,3163,3192,46,121
1257,34,3280,151,34,35,3251,3312,128,177
1258,35,3128,1215,34,38,3096,3169,1188,1245
1259,34,5284,2810,34,37,5246,5333,2759,2848
1260,34,6485,1235,34,35,6456,6517,1227,1245
1261,34,6375,1408,34,35,6354,6390,1370,1445
1262,34,6491,904,34,35,6474,6510,885,925
1263,34,7045,2675,34,35,7009,7083,2654,2696
1264,34,6775,3274,34,35,6759,6795,3256,3292
1265,34,5510,2112,34,35,5476,5543,2061,2164
1266,34,5678,2222,34,35,5639,5743,2178,2264
1267,34,5040,2401,34,36,5007,5070,2358,2442
1268,34,4798,3060,34,37,4767,4821,3030,3093
1269,34,5385,3293,34,37,5360,5414,3255,3337
1270,34,5952,3661,34,35,5896,6013,3636,3695
1271,36,5750,3960,34,39,5717,5782,3919,4019
1272,34,5247,3923,34,36,5211,5277,3900,3950
1273,33,5294,4014,32,35,5261,5336,3986,4040
1274,35,4682,4183,34,38,4651,4719,4138,4212
1275,36,3802,4375,34,39,3762,3852,4322,4431
1276,34,3609,4459,33,36,3577,3650,4425,4483
1277,36,3642,4668,35,39,3604,3673,4631,4719
1278,37,3673,4524,37,39,3642,3710,4505,4540
1279,34,3492,4268,34,36,3460,3521,4226,4305
1280,34,2515,3746,34,35,2501,2532,3739,3755
1281,35,2043,3345,34,37,1992,2091,3303,3395
1282,35,1798,3882,34,38,1760,1843,3842,3930
1283,34,2434,4446,34,37,2409,2460,4403,4486
1284,35,3654,4825,34,37,3632,3678,4790,4862
1285,37,3839,4837,37,39,3794,3903,4808,4888
1286,34,5816,4141,34,35,5781,5853,4118,4165
1287,34,5823,4566,34,35,5788,5861,4555,4580
1288,34,5927,4725,34,37,5878,5970,4699,4757
1289,34,6229,4604,34,35,6202,6263,4574,4630
1290,34,6046,4583,34,36,6026,6066,4568,4597
1291,35,5597,4263,34,38,5567,5635,4230,4291
1292,35,2136,4596,34,39,2109,2163,4546,4640
1293,34,2711,5782,34,37,2669,2753,5745,5816
1294,34,2719,5891,34,36,2688,2741,5858,5927
1295,34,6070,5602,34,35,6031,6114,5572,5631
1296,34,6404,5535,34,36,6380,6430,5486,5582
1297,35,6205,6032,34,39,6160,6271,5992,6067
1298,34,6549,5844,34,36,6521,6597,5804,5887
1299,34,6787,6058,34,35,6769,6809,6040,6075
1300,35,3032,6884,34,38,3012,3051,6847,6922
1301,34,4737,7326,33,37,4724,4757,7295,7361
1302,33,5589,6750,33,35,5570,5606,6736,6768
1303,34,5818,6543,33,38,5793,5854,6513,6593
1304,35,5792,6780,34,38,5770,5820,6739,6831
1305,35,5788,6999,34,37,5764,5812,6950,7041
1306,35,6376,7558,34,38,6339,6412,7524,7609
1307,34,6801,7195,34,37,6766,6845,7145,7239
1308,34,5656,6099,34,37,5618,5695,6051,6152
1309,35,5353,6146,35,38,5334,5383,6101,6183
1310,37,5305,5870,36,39,5275,5343,5830,5914
1311,36,4961,6115,34,39,4948,4980,6082,6162
1312,34,5630,6944,34,36,5599,5673,6911,6976
1313,35,7046,7901,35,37,7004,7091,7883,7923
1314,35,6999,7743,35,37,6949,7042,7710,7777
1315,35,6584,7416,35,37,6571,6602,7394,7443
1316,35,6533,7824,35,37,6501,6586,7781,7862
1317,35,6628,7934,35,37,6612,6647,7892,7987
1318,34,4807,7322,33,37,4777,4842,7281,7363
1319,35,4569,7083,35,37,4541,4602,7062,7105
1320,36,5667,5086,35,39,5631,5709,5054,5113
1321,36,5980,5481,35,39,5965,6009,5453,5515
1322,37,5747,5726,36,39,5695,5799,5713,5744
1323,36,4309,6657,35,39,4252,4367,6604,6712
1324,36,3974,6582,35,39,3958,4009,6544,6629
1325,35,2924,6761,35,37,2911,2943,6738,6785
1326,36,1174,2167,35,39,1124,1219,2086,2247
1327,34,1119,1479,34,36,1083,1161,1445,1515
1328,35,2091,2127,35,37,2067,2116,2097,2160
1329,34,2446,3521,34,37,2434,2462,3492,3557
1330,36,2899,3800,35,39,2835,2950,3732,3870
1331,36,3692,3685,35,39,3659,3733,3654,3713
1332,35,4658,3835,35,38,4634,4679,3810,3864
1333,35,4830,3291,35,37,4815,4849,3266,3321
1334,34,5008,3060,34,36,4993,5028,3035,3085
1335,36,5157,3375,35,39,5127,5187,3353,3411
1336,35,4971,3305,35,38,4939,5013,3273,3339
1337,36,4255,3363,35,39,4227,4289,3318,3409
1338,37,2773,3873,37,39,2742,2816,3840,3908
1339,35,2367,4345,35,38,2320,2412,4304,4382
1340,35,1981,4941,35,37,1962,2003,4900,4981
1341,36,3380,4716,35,39,3331,3447,4684,4757
1342,34,5115,4170,34,36,5101,5133,4141,4201
1343,36,5392,5704,35,38,5370,5411,5679,5725
1344,36,4125,6809,35,39,4081,4177,6774,6851
1345,36,6734,7518,36,37,6707,6763,7509,7529
1346,35,5743,8412,35,37,5697,5785,8390,8429
1347,35,5472,7713,34,38,5444,5503,7695,7736
1348,35,2721,7475,35,36,2707,2738,7460,7494
1349,35,2645,6850,35,36,2633,2657,6831,6873
1350,35,3317,4906,35,37,3299,3341,4870,4937
1351,35,2853,5117,35,36,2840,2869,5107,5128
1352,35,1251,2632,35,38,1197,1319,2586,2669
1353,36,1428,1516,36,39,1386,1470,1498,1544
1354,36,1573,1386,36,39,1539,1617,1358,1409
1355,36,2373,1078,36,37,2350,2398,1065,1094
1356,37,4969,2307,36,39,4921,5065,2211,2387
1357,36,5057,3708,36,39,5041,5074,3685,3729
1358,37,3519,3585,36,39,3434,3587,3541,3634
1359,37,3887,3429,36,39,3841,3936,3416,3457
1360,36,5327,4304,36,38,5292,5357,4266,4351
1361,37,4950,4381,36,39,4929,4981,4333,4416
1362,36,4281,4464,35,38,4255,4308,4442,4493
1363,37,2705,4357,36,39,2670,2748,4308,4436
1364,38,2716,4710,38,39,2662,2775,4676,4756
1365,38,2866,4384,38,39,2853,2885,4355,4413
1366,36,2588,6155,36,38,2573,2604,6130,6189
1367,37,4662,6269,36,39,4627,4706,6240,6293
1368,36,6217,6954,36,38,6199,6236,6926,6979
1369,36,6405,7148,36,39,6328,6476,7108,7179
1370,37,4488,6393,36,39,4450,4525,6373,6417
1371,37,4650,6462,36,39,4632,4674,6433,6495
1372,36,4246,7082,36,38,4219,4281,7059,7104
1373,37,3701,6974,36,39,3674,3729,6959,6988
1374,37,3297,6770,36,39,3286,3310,6728,6810
1375,36,3228,7396,35,39,3199,3275,7342,7455
1376,35,7197,7740,35,37,7155,7231,7702,7774
1377,37,2673,5950,37,39,2647,2699,5939,5965
1378,37,3182,7311,37,39,3155,3210,7288,7339
1379,37,5636,7531,36,39,5605,5670,7500,7565
1380,37,6077,6617,37,39,6050,6100,6576,6661
1381,37,1409,1883,37,39,1377,1437,1866,1898
1382,37,2617,805,37,39,2589,2641,769,833
1383,37,2923,1286,37,39,2894,2951,1247,1324
1384,37,1880,1959,37,39,1856,1913,1924,1991
1385,37,1487,2156,37,39,1466,1509,2108,2203
1386,37,965,1928,36,39,924,1004,1879,1976
1387,37,1579,2433,37,39,1557,1603,2404,2459
1388,37,1469,1775,37,39,1440,1494,1765,1786
1389,37,4978,3411,37,39,4953,5004,3378,3445
1390,37,1995,3087,37,39,1966,2026,3069,3105
1391,37,2267,2906,37,39,2232,2296,2894,2919
1392,37,1700,3631,36,39,1662,1733,3591,3672
1393,37,1917,4116,37,39,1889,1945,4086,4147
1394,37,2215,4937,37,39,2202,2229,4921,4957
1395,37,3403,5061,37,39,3366,3432,5043,5083
1396,38,4864,4174,38,39,4812,4912,4155,4196
1397,37,4974,5314,37,39,4937,5024,5286,5340
1398,37,5152,5190,37,39,5119,5186,5167,5220
1399,37,5478,5170,37,39,5446,5510,5147,5203
1400,37,4815,5394,37,39,4795,4841,5372,5421
1401,37,3853,5600,37,39,3806,3897,5581,5621
1402,37,3158,5785,37,39,3123,3195,5750,5819
1403,38,3232,5904,38,39,3199,3269,5883,5927
1404,38,3223,6660,38,39,3187,3284,6603,6718
1405,37,4238,7153,37,39,4222,4256,7130,7171
1406,37,3725,6710,37,39,3713,3738,6682,6742
1407,37,4203,6906,37,39,4172,4238,6891,6924
1408,37,5101,6583,37,39,5079,5126,6560,6611
1409,37,5158,6457,37,39,5132,5189,6438,6474
1410,38,5058,6315,38,39,5039,5079,6304,6326
1411,37,5469,6771,37,39,5424,5518,6744,6798
1412,37,5616,3243,37,39,5597,5637,3210,3277
1413,38,2486,453,38,39,2461,2513,433,474
1414,38,2832,426,38,39,2814,2851,412,445
1415,38,2946,312,38,39,2927,2971,286,343
1416,38,3032,113,38,39,2965,3099,84,157
1417,38,2539,265,38,39,2505,2567,231,291
1418,38,2754,1118,38,39,2734,2776,1110,1128
1419,38,3521,787,38,39,3505,3539,773,801
1421,38,5457,628,38,39,5443,5471,594,665
1422,38,6198,1308,38,39,6177,6220,1283,1335
1423,38,6435,1315,38,39,6417,6460,1290,1338
1424,38,5790,613,38,39,5750,5833,602,627
1425,38,6521,1575,38,39,6479,6566,1546,1605
1426,38,6682,1448,38,39,6642,6723,1419,1477
1427,38,6216,1499,38,39,6187,6245,1459,1538
1428,38,6037,1134,38,39,6028,6048,1109,1162
1429,38,6091,1967,38,39,6080,6105,1945,1992
1430,38,6262,2270,38,39,6238,6290,2256,2283
1431,38,5810,1159,38,39,5788,5834,1149,1169
1432,38,2641,3630,38,39,2620,2657,3608,3649
1433,37,2511,3124,37,39,2475,2548,3079,3175
1434,37,2434,3616,37,39,2420,2449,3597,3635
1436,38,4463,3173,38,39,4432,4496,3150,3197
1437,38,4594,3293,38,39,4576,4615,3282,3305
1438,38,5053,3817,38,39,5029,5079,3807,3827
1439,38,5032,3653,38,39,5015,5049,3633,3672
1440,38,6999,2702,38,39,6951,7050,2672,2730
1441,38,6311,3305,38,39,6279,6346,3290,3325
1442,38,5765,2898,38,39,5742,5807,2839,2956
1443,38,5346,2705,38,39,5327,5366,2691,2721
1444,38,5931,4037,38,39,5911,5957,4017,4053
1445,38,4269,4298,38,39,4247,4292,4286,4312
1446,38,3643,4045,38,39,3621,3663,4032,4063
1447,38,3171,4738,38,39,3149,3193,4714,4763
1448,38,5540,4593,38,39,5508,5573,4566,4619
1449,37,5618,4532,37,39,5594,5640,4519,4545
1450,37,6242,4840,37,39,6199,6287,4809,4868
1451,38,6147,5588,38,39,6131,6167,5578,5601
1452,38,5030,6604,38,39,5015,5046,6591,6619
1453,37,6268,6392,37,39,6247,6292,6370,6419
1454,38,6501,6520,38,39,6494,6509,6507,6534
1455,38,6899,7499,38,39,6874,6927,7489,7511
1456,38,6554,7594,38,39,6524,6586,7585,7608
1457,37,5477,8097,37,39,5459,5498,8068,8127
